{
  "sr": 16000,
  "n_fft": 1024,
  "hop": 256,
  "win": 1024,
  "n_mels": 64,
  "n_mfcc": 13,
  "use_logmel": true,
  "use_mfcc39": true,
  "use_chroma": true,
  "channels": 115,
  "frames_target": 330,
  "max_frames_cap": 500,
  "mean": [
    -40.76253890991211,
    -42.15388870239258,
    -40.00688934326172,
    -37.64812469482422,
    -36.85451889038086,
    -37.5659294128418,
    -38.076171875,
    -37.748313903808594,
    -37.706947326660156,
    -37.86174774169922,
    -38.19034194946289,
    -38.82954788208008,
    -39.32185363769531,
    -39.82304000854492,
    -40.41362380981445,
    -40.96349334716797,
    -41.41545867919922,
    -41.8762092590332,
    -42.380035400390625,
    -42.61286926269531,
    -42.45253372192383,
    -42.50444030761719,
    -42.92721176147461,
    -42.742279052734375,
    -42.74351501464844,
    -42.920448303222656,
    -42.7856330871582,
    -42.63063430786133,
    -42.45612716674805,
    -42.32095718383789,
    -42.33634567260742,
    -42.27141189575195,
    -42.50906753540039,
    -42.77183151245117,
    -43.10533142089844,
    -43.4238395690918,
    -43.7221565246582,
    -43.99869918823242,
    -44.10148620605469,
    -44.128963470458984,
    -44.1615104675293,
    -44.27732849121094,
    -44.43537139892578,
    -44.502559661865234,
    -44.524112701416016,
    -44.524234771728516,
    -44.58949661254883,
    -44.77672576904297,
    -45.15229415893555,
    -45.61762237548828,
    -45.99871826171875,
    -46.39216995239258,
    -46.792972564697266,
    -47.17399597167969,
    -47.390316009521484,
    -47.516056060791016,
    -47.64445495605469,
    -47.78865051269531,
    -48.02851104736328,
    -48.213584899902344,
    -48.266197204589844,
    -48.23414611816406,
    -48.242130279541016,
    -49.37685012817383,
    -345.5855407714844,
    23.697021484375,
    -0.8231790661811829,
    5.620125770568848,
    -0.8715423941612244,
    -1.555419683456421,
    -3.783172845840454,
    -3.6475276947021484,
    -1.0726114511489868,
    -1.2602653503417969,
    -1.9099544286727905,
    -0.5880051255226135,
    -0.9847840070724487,
    0.02304866723716259,
    0.014452170580625534,
    0.008496991358697414,
    0.0023909753654152155,
    0.004740869626402855,
    0.0018477514386177063,
    0.002314829733222723,
    -8.306239760713652e-05,
    0.0011440679663792253,
    -9.238123311661184e-05,
    0.001159978099167347,
    0.00022298323165159672,
    0.0009455945109948516,
    -0.003077116562053561,
    0.002141989069059491,
    0.0009251916198991239,
    0.0007576364441774786,
    -0.00019846463692374527,
    0.00027434263029135764,
    6.391011311279726e-07,
    0.00051790481666103,
    -0.00034347912878729403,
    -0.00020587178005371243,
    -0.0006945381173864007,
    -0.00048540972056798637,
    -0.0007988519500941038,
    0.2692740559577942,
    0.2558358311653137,
    0.2502971887588501,
    0.2617923319339752,
    0.27363014221191406,
    0.28976115584373474,
    0.2962367832660675,
    0.3135209083557129,
    0.32438912987709045,
    0.3381979465484619,
    0.3804834485054016,
    0.3536313772201538
  ],
  "std": [
    29.056774139404297,
    31.45766830444336,
    31.92131805419922,
    31.96788215637207,
    32.06113052368164,
    32.01032257080078,
    31.912067413330078,
    31.86542510986328,
    31.959951400756836,
    31.957290649414062,
    31.96927833557129,
    32.06998825073242,
    32.22975158691406,
    32.3199577331543,
    32.31544494628906,
    32.33416748046875,
    32.3585090637207,
    32.34452438354492,
    32.35365295410156,
    32.38784408569336,
    32.37443161010742,
    32.328678131103516,
    32.45658493041992,
    32.40686798095703,
    32.377559661865234,
    32.30034255981445,
    32.19240188598633,
    32.118343353271484,
    32.03533172607422,
    31.94928741455078,
    31.91036033630371,
    31.858308792114258,
    31.89130973815918,
    31.94852066040039,
    32.020145416259766,
    32.0762939453125,
    32.16072082519531,
    32.265892028808594,
    32.366737365722656,
    32.44429016113281,
    32.498653411865234,
    32.506412506103516,
    32.497432708740234,
    32.48367691040039,
    32.471065521240234,
    32.45473861694336,
    32.4536018371582,
    32.48095703125,
    32.548160552978516,
    32.65863800048828,
    32.78173828125,
    32.920684814453125,
    33.04477310180664,
    33.16108322143555,
    33.24169921875,
    33.30430221557617,
    33.368778228759766,
    33.41865158081055,
    33.45966720581055,
    33.45314407348633,
    33.40443801879883,
    33.32257080078125,
    33.25491714477539,
    33.57441711425781,
    251.94091796875,
    38.014427185058594,
    19.894113540649414,
    15.314681053161621,
    14.37037467956543,
    10.577391624450684,
    11.320755004882812,
    9.649798393249512,
    8.371265411376953,
    7.675808906555176,
    7.775926113128662,
    6.999258995056152,
    7.062110900878906,
    9.264357566833496,
    4.249139308929443,
    3.271084785461426,
    2.2430379390716553,
    2.1391730308532715,
    1.5425926446914673,
    1.534953236579895,
    1.3067737817764282,
    1.1252936124801636,
    1.0724365711212158,
    1.0229487419128418,
    0.9927278757095337,
    0.9556093811988831,
    4.315046310424805,
    2.1990373134613037,
    1.659100890159607,
    1.0147860050201416,
    0.9714244604110718,
    0.7894030809402466,
    0.8277015089988708,
    0.7422870993614197,
    0.6046542525291443,
    0.5762876868247986,
    0.5676591396331787,
    0.5676478743553162,
    0.5463159680366516,
    0.31042709946632385,
    0.30515438318252563,
    0.29363012313842773,
    0.30575287342071533,
    0.31192171573638916,
    0.32777878642082214,
    0.3283001184463501,
    0.33981773257255554,
    0.3439474105834961,
    0.35185298323631287,
    0.39375707507133484,
    0.3775368630886078
  ],
  "train_size": 921,
  "val_size": 231,
  "test_size": 288,
  "train_paths_head": [
    "C:\\Users\\FPT SHOP\\Speech_Emotion_Recognition\\working\\processed\\train\\train_256.wav",
    "C:\\Users\\FPT SHOP\\Speech_Emotion_Recognition\\working\\processed\\train\\train_295.wav",
    "C:\\Users\\FPT SHOP\\Speech_Emotion_Recognition\\working\\processed\\train\\train_76.wav"
  ],
  "val_paths_head": [
    "C:\\Users\\FPT SHOP\\Speech_Emotion_Recognition\\working\\processed\\train\\train_15.wav",
    "C:\\Users\\FPT SHOP\\Speech_Emotion_Recognition\\working\\processed\\train\\train_1113.wav",
    "C:\\Users\\FPT SHOP\\Speech_Emotion_Recognition\\working\\processed\\train\\train_923.wav"
  ],
  "test_paths_head": [
    "C:\\Users\\FPT SHOP\\Speech_Emotion_Recognition\\working\\processed\\test\\test_0.wav",
    "C:\\Users\\FPT SHOP\\Speech_Emotion_Recognition\\working\\processed\\test\\test_1.wav",
    "C:\\Users\\FPT SHOP\\Speech_Emotion_Recognition\\working\\processed\\test\\test_2.wav"
  ]
}