{
  "sr": 16000,
  "n_fft": 1024,
  "hop": 256,
  "win": 1024,
  "n_mels": 64,
  "n_mfcc": 13,
  "use_logmel": true,
  "use_mfcc39": true,
  "use_chroma": true,
  "channels": 115,
  "frames_target": 330,
  "max_frames_cap": 500,
  "mean": [
    -39.97054672241211,
    -40.94473648071289,
    -38.8256950378418,
    -36.49088668823242,
    -35.689449310302734,
    -36.339656829833984,
    -36.85344696044922,
    -36.555240631103516,
    -36.49873352050781,
    -36.649749755859375,
    -36.97296142578125,
    -37.564048767089844,
    -38.02374267578125,
    -38.494590759277344,
    -39.06159973144531,
    -39.5973014831543,
    -40.05679702758789,
    -40.485321044921875,
    -40.922027587890625,
    -41.13714599609375,
    -41.0296516418457,
    -41.091651916503906,
    -41.43537521362305,
    -41.29509353637695,
    -41.32616424560547,
    -41.446617126464844,
    -41.330753326416016,
    -41.21157455444336,
    -41.0688362121582,
    -40.94540023803711,
    -40.93772888183594,
    -40.896846771240234,
    -41.10926055908203,
    -41.33845901489258,
    -41.65217590332031,
    -41.940433502197266,
    -42.19024658203125,
    -42.44059371948242,
    -42.52286911010742,
    -42.544551849365234,
    -42.58056640625,
    -42.678977966308594,
    -42.82304382324219,
    -42.899620056152344,
    -42.932411193847656,
    -42.93929672241211,
    -42.9991569519043,
    -43.16729736328125,
    -43.47972106933594,
    -43.87223434448242,
    -44.23122024536133,
    -44.60988235473633,
    -44.963924407958984,
    -45.300750732421875,
    -45.516693115234375,
    -45.63985061645508,
    -45.755863189697266,
    -45.88325500488281,
    -46.081695556640625,
    -46.2514533996582,
    -46.316673278808594,
    -46.34120178222656,
    -46.570465087890625,
    -47.7249870300293,
    -333.5560302734375,
    21.928102493286133,
    -0.6939486265182495,
    5.198481559753418,
    -1.1313773393630981,
    -1.5582195520401,
    -3.835766553878784,
    -3.4418697357177734,
    -1.352052927017212,
    -1.2416620254516602,
    -1.9837943315505981,
    -0.6141356229782104,
    -1.1540623903274536,
    0.006998525001108646,
    0.008339001797139645,
    0.0032706100028008223,
    0.0009511036914773285,
    0.0017188529018312693,
    0.0007662801654078066,
    1.1052192348870449e-05,
    -0.0013607983710244298,
    -0.0002832929021678865,
    -0.0006163747748360038,
    0.0008153784438036382,
    -0.0005789241404272616,
    -0.0002585192851256579,
    -0.008454641327261925,
    0.0017362114740535617,
    0.0010154632618650794,
    0.0004033561563119292,
    0.0010423833737149835,
    0.0008186777122318745,
    8.951601921580732e-05,
    0.001167377457022667,
    0.0006725156563334167,
    0.00047339301090687513,
    0.00018550310051068664,
    -2.4953402316896245e-05,
    -0.00014589123020414263,
    0.28549662232398987,
    0.2743569016456604,
    0.27191823720932007,
    0.2832705080509186,
    0.29438939690589905,
    0.3097518980503082,
    0.3176403045654297,
    0.33333832025527954,
    0.34540408849716187,
    0.358894407749176,
    0.3862491548061371,
    0.3577246367931366
  ],
  "std": [
    28.46044921875,
    30.571428298950195,
    30.944467544555664,
    30.88751220703125,
    30.9461612701416,
    30.88935089111328,
    30.789871215820312,
    30.740358352661133,
    30.820646286010742,
    30.823259353637695,
    30.844554901123047,
    30.936594009399414,
    31.067630767822266,
    31.15556526184082,
    31.17203140258789,
    31.192537307739258,
    31.212894439697266,
    31.20973014831543,
    31.22395896911621,
    31.261978149414062,
    31.256507873535156,
    31.22601890563965,
    31.324230194091797,
    31.27718162536621,
    31.254438400268555,
    31.179401397705078,
    31.07853126525879,
    31.00348472595215,
    30.928756713867188,
    30.841402053833008,
    30.794782638549805,
    30.743450164794922,
    30.777021408081055,
    30.82668113708496,
    30.898462295532227,
    30.956310272216797,
    31.026514053344727,
    31.1234073638916,
    31.218029022216797,
    31.282669067382812,
    31.329450607299805,
    31.342817306518555,
    31.345172882080078,
    31.33477210998535,
    31.3238468170166,
    31.31136131286621,
    31.31234359741211,
    31.34219741821289,
    31.40921401977539,
    31.517257690429688,
    31.64077377319336,
    31.781063079833984,
    31.90475845336914,
    32.02521514892578,
    32.12031173706055,
    32.181644439697266,
    32.23965072631836,
    32.28864669799805,
    32.33391571044922,
    32.340274810791016,
    32.306034088134766,
    32.25372314453125,
    32.313453674316406,
    32.76023483276367,
    243.1887664794922,
    36.828975677490234,
    19.124164581298828,
    15.023321151733398,
    13.842080116271973,
    10.297983169555664,
    10.982584953308105,
    9.310702323913574,
    8.215272903442383,
    7.485614776611328,
    7.556880474090576,
    6.813597202301025,
    6.888361930847168,
    8.732647895812988,
    4.131322860717773,
    3.1862993240356445,
    2.209209442138672,
    2.0875003337860107,
    1.5237475633621216,
    1.5056287050247192,
    1.28403639793396,
    1.1090744733810425,
    1.0591274499893188,
    1.0103732347488403,
    0.977214515209198,
    0.944794774055481,
    4.1067070960998535,
    2.1277167797088623,
    1.6321351528167725,
    1.0106499195098877,
    0.9603829979896545,
    0.7904862761497498,
    0.8241915702819824,
    0.7370206117630005,
    0.6074261665344238,
    0.578957200050354,
    0.5707207918167114,
    0.5682891607284546,
    0.5468683838844299,
    0.31832751631736755,
    0.3142821192741394,
    0.3079219162464142,
    0.3192853629589081,
    0.32528331875801086,
    0.3389189839363098,
    0.3415829837322235,
    0.35177019238471985,
    0.35731303691864014,
    0.3664494752883911,
    0.39309006929397583,
    0.3754867613315582
  ],
  "train_size": 921,
  "val_size": 231,
  "test_size": 288,
  "train_paths_head": [
    "C:\\Users\\FPT SHOP\\Speech_Emotion_Recognition\\working\\processed\\train\\train_256.wav",
    "C:\\Users\\FPT SHOP\\Speech_Emotion_Recognition\\working\\processed\\train\\train_295.wav",
    "C:\\Users\\FPT SHOP\\Speech_Emotion_Recognition\\working\\processed\\train\\train_76.wav"
  ],
  "val_paths_head": [
    "C:\\Users\\FPT SHOP\\Speech_Emotion_Recognition\\working\\processed\\train\\train_15.wav",
    "C:\\Users\\FPT SHOP\\Speech_Emotion_Recognition\\working\\processed\\train\\train_1113.wav",
    "C:\\Users\\FPT SHOP\\Speech_Emotion_Recognition\\working\\processed\\train\\train_923.wav"
  ],
  "test_paths_head": [
    "C:\\Users\\FPT SHOP\\Speech_Emotion_Recognition\\working\\processed\\test\\test_0.wav",
    "C:\\Users\\FPT SHOP\\Speech_Emotion_Recognition\\working\\processed\\test\\test_1.wav",
    "C:\\Users\\FPT SHOP\\Speech_Emotion_Recognition\\working\\processed\\test\\test_2.wav"
  ]
}